{
  "accuracy": 0.7395833333333334,
  "precision": 0.7705375628512274,
  "recall": 0.7395833333333334,
  "f1score": 0.7365870768986064,
  "confusion": [
    [
      42,
      6,
      0,
      0
    ],
    [
      3,
      43,
      0,
      2
    ],
    [
      1,
      7,
      25,
      15
    ],
    [
      0,
      13,
      3,
      32
    ]
  ]
}