{
  "accuracy": 0.828125,
  "precision": 0.8385816525699415,
  "recall": 0.828125,
  "f1score": 0.8280902501952548,
  "confusion": [
    [
      44,
      2,
      0,
      2
    ],
    [
      6,
      42,
      0,
      0
    ],
    [
      1,
      0,
      41,
      6
    ],
    [
      2,
      14,
      0,
      32
    ]
  ]
}