{
  "accuracy": 0.7708333333333334,
  "precision": 0.7844392263798414,
  "recall": 0.7708333333333334,
  "f1score": 0.7719261934657583,
  "confusion": [
    [
      42,
      2,
      2,
      2
    ],
    [
      8,
      35,
      2,
      3
    ],
    [
      8,
      1,
      37,
      2
    ],
    [
      5,
      8,
      1,
      34
    ]
  ]
}