{
  "accuracy": 0.8385416666666666,
  "precision": 0.8459825018187388,
  "recall": 0.8385416666666666,
  "f1score": 0.8404502183127391,
  "confusion": [
    [
      43,
      1,
      1,
      3
    ],
    [
      4,
      40,
      0,
      4
    ],
    [
      1,
      0,
      40,
      7
    ],
    [
      1,
      9,
      0,
      38
    ]
  ]
}