{
  "accuracy": 0.75,
  "precision": 0.7783400809716597,
  "recall": 0.75,
  "f1score": 0.7553212394431319,
  "confusion": [
    [
      37,
      3,
      3,
      5
    ],
    [
      0,
      42,
      0,
      6
    ],
    [
      2,
      0,
      35,
      11
    ],
    [
      0,
      18,
      0,
      30
    ]
  ]
}