{
  "accuracy": 0.8854166666666666,
  "precision": 0.8963112910481331,
  "recall": 0.8854166666666666,
  "f1score": 0.8845112781954887,
  "confusion": [
    [
      47,
      0,
      0,
      1
    ],
    [
      7,
      41,
      0,
      0
    ],
    [
      0,
      1,
      47,
      0
    ],
    [
      3,
      10,
      0,
      35
    ]
  ]
}