{
  "accuracy": 0.8541666666666666,
  "precision": 0.8745522524642455,
  "recall": 0.8541666666666666,
  "f1score": 0.8514023991053851,
  "confusion": [
    [
      48,
      0,
      0,
      0
    ],
    [
      4,
      44,
      0,
      0
    ],
    [
      3,
      2,
      41,
      2
    ],
    [
      6,
      11,
      0,
      31
    ]
  ]
}