{
  "accuracy": 0.8697916666666666,
  "precision": 0.8765245859796811,
  "recall": 0.8697916666666666,
  "f1score": 0.8691106780761148,
  "confusion": [
    [
      47,
      0,
      1,
      0
    ],
    [
      6,
      41,
      0,
      1
    ],
    [
      1,
      0,
      43,
      4
    ],
    [
      5,
      7,
      0,
      36
    ]
  ]
}