{
  "accuracy": 0.84375,
  "precision": 0.8483422108611925,
  "recall": 0.84375,
  "f1score": 0.843044199442887,
  "confusion": [
    [
      46,
      0,
      1,
      1
    ],
    [
      7,
      36,
      1,
      4
    ],
    [
      2,
      0,
      42,
      4
    ],
    [
      3,
      7,
      0,
      38
    ]
  ]
}