{
  "accuracy": 0.7291666666666666,
  "precision": 0.7401285308894004,
  "recall": 0.7291666666666666,
  "f1score": 0.7291715341294275,
  "confusion": [
    [
      39,
      1,
      6,
      2
    ],
    [
      7,
      36,
      0,
      5
    ],
    [
      7,
      0,
      37,
      4
    ],
    [
      10,
      9,
      1,
      28
    ]
  ]
}