{
  "accuracy": 0.8958333333333334,
  "precision": 0.8999340459793744,
  "recall": 0.8958333333333334,
  "f1score": 0.8967594963426976,
  "confusion": [
    [
      44,
      0,
      0,
      4
    ],
    [
      6,
      41,
      0,
      1
    ],
    [
      2,
      1,
      45,
      0
    ],
    [
      2,
      4,
      0,
      42
    ]
  ]
}