{
  "accuracy": 0.8020833333333334,
  "precision": 0.8164019808743169,
  "recall": 0.8020833333333334,
  "f1score": 0.7984756990988169,
  "confusion": [
    [
      42,
      3,
      2,
      1
    ],
    [
      6,
      42,
      0,
      0
    ],
    [
      1,
      0,
      43,
      4
    ],
    [
      12,
      9,
      0,
      27
    ]
  ]
}